<?xml version="1.0" encoding="UTF-8" standalone="yes"?>
<ns3:export xmlns="http://zakupki.gov.ru/oos/types/1" xmlns:ns2="http://zakupki.gov.ru/oos/base/1" xmlns:ns4="http://zakupki.gov.ru/oos/common/1" xmlns:ns3="http://zakupki.gov.ru/oos/export/1" xmlns:ns6="http://zakupki.gov.ru/oos/KOTypes/1" xmlns:ns5="http://zakupki.gov.ru/oos/TPtypes/1" xmlns:ns8="http://zakupki.gov.ru/oos/pprf615types/1" xmlns:ns7="http://zakupki.gov.ru/oos/CPtypes/1" xmlns:ns13="http://zakupki.gov.ru/oos/printform/1" xmlns:ns9="http://zakupki.gov.ru/oos/EPtypes/1" xmlns:ns12="http://zakupki.gov.ru/oos/EATypes/1" xmlns:ns11="http://zakupki.gov.ru/oos/URTypes/1" xmlns:ns10="http://zakupki.gov.ru/oos/SMTypes/1" xmlns:ns14="http://zakupki.gov.ru/oos/control99/1">
    <ns3:fcsPlacementResult schemeVersion="14.0">
        <purchaseNumber>0331300048524000001</purchaseNumber>
        <lotNumber>1</lotNumber>
        <foundationProtocolNumber>ОЗТ1</foundationProtocolNumber>
        <versionNumber>0</versionNumber>
        <createDate>2024-02-05T16:40:57.493+03:00</createDate>
        <procedurelFailed>true</procedurelFailed>
        <abandonedReason>
            <code>EZT20OZTNR</code>
            <objectName>epNoticeApplicationsAbsence</objectName>
            <name>Отсутствие заявок на участие в закупке, соответствующих требованиям, установленным в извещении об осуществлении закупки (п. 8 ч. 12 ст. 93 Закона № 44-ФЗ)</name>
            <type>NR</type>
        </abandonedReason>
        <result>RC</result>
    </ns3:fcsPlacementResult>
</ns3:export>