<?xml version="1.0" encoding="UTF-8" standalone="yes"?>
<ns3:export xmlns="http://zakupki.gov.ru/oos/types/1" xmlns:ns2="http://zakupki.gov.ru/oos/base/1" xmlns:ns4="http://zakupki.gov.ru/oos/common/1" xmlns:ns3="http://zakupki.gov.ru/oos/export/1" xmlns:ns6="http://zakupki.gov.ru/oos/KOTypes/1" xmlns:ns5="http://zakupki.gov.ru/oos/TPtypes/1" xmlns:ns8="http://zakupki.gov.ru/oos/pprf615types/1" xmlns:ns7="http://zakupki.gov.ru/oos/CPtypes/1" xmlns:ns13="http://zakupki.gov.ru/oos/printform/1" xmlns:ns9="http://zakupki.gov.ru/oos/EPtypes/1" xmlns:ns12="http://zakupki.gov.ru/oos/EATypes/1" xmlns:ns11="http://zakupki.gov.ru/oos/URTypes/1" xmlns:ns10="http://zakupki.gov.ru/oos/SMTypes/1" xmlns:ns14="http://zakupki.gov.ru/oos/control99/1">
    <ns3:fcsPlacementResult schemeVersion="14.0">
        <purchaseNumber>0131300000623000836</purchaseNumber>
        <lotNumber>1</lotNumber>
        <foundationProtocolNumber>ИЭА1</foundationProtocolNumber>
        <versionNumber>0</versionNumber>
        <createDate>2024-02-05T12:11:22.370+03:00</createDate>
        <procedurelFailed>false</procedurelFailed>
        <applications>
            <application>
                <journalNumber>114140745</journalNumber>
                <appRating>1</appRating>
                <result>CC</result>
                <price>21692.79</price>
                <conclusionContractSt95Ch17.1>true</conclusionContractSt95Ch17.1>
            </application>
            <application>
                <journalNumber>114141147</journalNumber>
                <appRating>2</appRating>
                <result>CC</result>
                <price>21692.79</price>
            </application>
            <application>
                <journalNumber>114188797</journalNumber>
                <appRating>5</appRating>
                <result>RC</result>
                <price>21692.79</price>
            </application>
            <application>
                <journalNumber>114196983</journalNumber>
                <appRating>8</appRating>
                <result>RC</result>
                <price>21692.79</price>
            </application>
            <application>
                <journalNumber>114200601</journalNumber>
                <appRating>10</appRating>
                <result>RC</result>
                <price>21692.79</price>
            </application>
            <application>
                <journalNumber>114201388</journalNumber>
                <appRating>11</appRating>
                <result>RC</result>
                <price>21692.79</price>
            </application>
            <application>
                <journalNumber>114203045</journalNumber>
                <appRating>12</appRating>
                <result>RC</result>
                <price>21692.79</price>
            </application>
            <application>
                <journalNumber>114204369</journalNumber>
                <appRating>13</appRating>
                <result>RC</result>
                <price>21692.79</price>
            </application>
            <application>
                <journalNumber>114207759</journalNumber>
                <appRating>14</appRating>
                <result>RC</result>
                <price>21692.79</price>
            </application>
            <application>
                <journalNumber>114208286</journalNumber>
                <appRating>16</appRating>
                <result>RC</result>
                <price>21692.79</price>
            </application>
        </applications>
        <result>CC</result>
    </ns3:fcsPlacementResult>
</ns3:export>