<?xml version="1.0" encoding="UTF-8" standalone="yes"?>
<ns3:export xmlns="http://zakupki.gov.ru/oos/types/1" xmlns:ns2="http://zakupki.gov.ru/oos/base/1" xmlns:ns4="http://zakupki.gov.ru/oos/common/1" xmlns:ns3="http://zakupki.gov.ru/oos/export/1" xmlns:ns6="http://zakupki.gov.ru/oos/KOTypes/1" xmlns:ns5="http://zakupki.gov.ru/oos/TPtypes/1" xmlns:ns8="http://zakupki.gov.ru/oos/pprf615types/1" xmlns:ns7="http://zakupki.gov.ru/oos/CPtypes/1" xmlns:ns13="http://zakupki.gov.ru/oos/printform/1" xmlns:ns9="http://zakupki.gov.ru/oos/EPtypes/1" xmlns:ns12="http://zakupki.gov.ru/oos/EATypes/1" xmlns:ns11="http://zakupki.gov.ru/oos/URTypes/1" xmlns:ns10="http://zakupki.gov.ru/oos/SMTypes/1" xmlns:ns14="http://zakupki.gov.ru/oos/control99/1">
    <ns3:fcsPlacementResult schemeVersion="14.0">
        <purchaseNumber>0131300000623000881</purchaseNumber>
        <lotNumber>1</lotNumber>
        <foundationProtocolNumber>ИЭА1</foundationProtocolNumber>
        <versionNumber>0</versionNumber>
        <createDate>2024-02-05T12:33:12.456+03:00</createDate>
        <procedurelFailed>false</procedurelFailed>
        <applications>
            <application>
                <journalNumber>114154559</journalNumber>
                <appRating>1</appRating>
                <result>CC</result>
                <price>10987.64</price>
                <conclusionContractSt95Ch17.1>true</conclusionContractSt95Ch17.1>
            </application>
            <application>
                <journalNumber>114196560</journalNumber>
                <appRating>2</appRating>
                <result>CC</result>
                <price>11056.75</price>
            </application>
            <application>
                <journalNumber>114187892</journalNumber>
                <appRating>7</appRating>
                <result>RC</result>
                <price>13821.15</price>
            </application>
            <application>
                <journalNumber>114188001</journalNumber>
                <appRating>8</appRating>
                <result>RC</result>
                <price>13821.15</price>
            </application>
            <application>
                <journalNumber>114188047</journalNumber>
                <appRating>9</appRating>
                <result>RC</result>
                <price>13821.15</price>
            </application>
            <application>
                <journalNumber>114190048</journalNumber>
                <appRating>10</appRating>
                <result>RC</result>
                <price>13821.15</price>
            </application>
            <application>
                <journalNumber>114191667</journalNumber>
                <appRating>11</appRating>
                <result>RC</result>
                <price>13821.15</price>
            </application>
            <application>
                <journalNumber>114197192</journalNumber>
                <appRating>15</appRating>
                <result>RC</result>
                <price>13821.15</price>
            </application>
        </applications>
        <result>CC</result>
    </ns3:fcsPlacementResult>
</ns3:export>