<?xml version="1.0" encoding="UTF-8" standalone="yes"?>
<ns3:export xmlns="http://zakupki.gov.ru/oos/types/1" xmlns:ns2="http://zakupki.gov.ru/oos/base/1" xmlns:ns4="http://zakupki.gov.ru/oos/common/1" xmlns:ns3="http://zakupki.gov.ru/oos/export/1" xmlns:ns6="http://zakupki.gov.ru/oos/KOTypes/1" xmlns:ns5="http://zakupki.gov.ru/oos/TPtypes/1" xmlns:ns8="http://zakupki.gov.ru/oos/pprf615types/1" xmlns:ns7="http://zakupki.gov.ru/oos/CPtypes/1" xmlns:ns13="http://zakupki.gov.ru/oos/printform/1" xmlns:ns9="http://zakupki.gov.ru/oos/EPtypes/1" xmlns:ns12="http://zakupki.gov.ru/oos/EATypes/1" xmlns:ns11="http://zakupki.gov.ru/oos/URTypes/1" xmlns:ns10="http://zakupki.gov.ru/oos/SMTypes/1" xmlns:ns14="http://zakupki.gov.ru/oos/control99/1">
    <ns3:fcsPlacementResult schemeVersion="14.0">
        <purchaseNumber>0131200001022014669</purchaseNumber>
        <lotNumber>1</lotNumber>
        <foundationProtocolNumber>ИЭА1</foundationProtocolNumber>
        <versionNumber>0</versionNumber>
        <createDate>2024-02-05T14:17:08.655+03:00</createDate>
        <procedurelFailed>false</procedurelFailed>
        <applications>
            <application>
                <journalNumber>113201150</journalNumber>
                <appRating>1</appRating>
                <result>CC</result>
                <price>17275581.76</price>
                <conclusionContractSt95Ch17.1>true</conclusionContractSt95Ch17.1>
            </application>
            <application>
                <journalNumber>113220341</journalNumber>
                <appRating>2</appRating>
                <result>CC</result>
                <price>17275581.76</price>
            </application>
            <application>
                <journalNumber>113204213</journalNumber>
                <appRating>4</appRating>
                <result>RC</result>
                <price>17362393.73</price>
            </application>
            <application>
                <journalNumber>113204277</journalNumber>
                <appRating>5</appRating>
                <result>RC</result>
                <price>17362393.73</price>
            </application>
            <application>
                <journalNumber>113218479</journalNumber>
                <appRating>6</appRating>
                <result>RC</result>
                <price>17362393.73</price>
            </application>
            <application>
                <journalNumber>113220280</journalNumber>
                <appRating>8</appRating>
                <result>RC</result>
                <price>17362393.73</price>
            </application>
            <application>
                <journalNumber>113221406</journalNumber>
                <appRating>9</appRating>
                <result>RC</result>
                <price>17362393.73</price>
            </application>
            <application>
                <journalNumber>113222532</journalNumber>
                <appRating>10</appRating>
                <result>RC</result>
                <price>17362393.73</price>
            </application>
            <application>
                <journalNumber>113223907</journalNumber>
                <appRating>13</appRating>
                <result>RC</result>
                <price>17362393.73</price>
            </application>
            <application>
                <journalNumber>113226010</journalNumber>
                <appRating>15</appRating>
                <result>RC</result>
                <price>17362393.73</price>
            </application>
        </applications>
        <result>CC</result>
    </ns3:fcsPlacementResult>
</ns3:export>