<?xml version="1.0" encoding="UTF-8" standalone="yes"?>
<ns2:export xmlns="http://zakupki.gov.ru/oos/types/1" xmlns:ns2="http://zakupki.gov.ru/oos/export/1" xmlns:ns4="http://zakupki.gov.ru/oos/base/1" xmlns:ns3="http://zakupki.gov.ru/oos/common/1" xmlns:ns6="http://zakupki.gov.ru/oos/KOTypes/1" xmlns:ns5="http://zakupki.gov.ru/oos/TPtypes/1" xmlns:ns8="http://zakupki.gov.ru/oos/pprf615types/1" xmlns:ns7="http://zakupki.gov.ru/oos/CPtypes/1" xmlns:ns13="http://zakupki.gov.ru/oos/printform/1" xmlns:ns9="http://zakupki.gov.ru/oos/EPtypes/1" xmlns:ns12="http://zakupki.gov.ru/oos/EATypes/1" xmlns:ns11="http://zakupki.gov.ru/oos/URTypes/1" xmlns:ns10="http://zakupki.gov.ru/oos/SMTypes/1" xmlns:ns14="http://zakupki.gov.ru/oos/control99/1">
    <ns2:fcsPlacementResult schemeVersion="13.0">
        <purchaseNumber>2400500000222000502</purchaseNumber>
        <lotNumber>1</lotNumber>
        <foundationProtocolNumber>ИЭА1</foundationProtocolNumber>
        <versionNumber>0</versionNumber>
        <createDate>2023-01-13T15:59:31.990+03:00</createDate>
        <procedurelFailed>false</procedurelFailed>
        <applications>
            <application>
                <journalNumber>60</journalNumber>
                <appRating>1</appRating>
                <result>CC</result>
                <price>770820.77</price>
            </application>
        </applications>
        <result>CC</result>
    </ns2:fcsPlacementResult>
</ns2:export>